﻿<?xml version="1.0"?>
<info>
    <id>onlyoffice</id>
    <ocsid>174798</ocsid>
    <name>Onlyoffice</name>
    <summary>ownCloud ONLYOFFICE integration app</summary>
    <description>ONLYOFFICE integration app enables users to edit Office documents within ONLYOFFICE from OwnCloud. This will create a new Open in ONLYOFFICE action within the document library for Office documents. This allows multiple users to collaborate in real time and to save back those changes to OwnCloud.</description>
    <licence>AGPL</licence>
    <author>Ascensio System SIA</author>
    <version>1.0.4</version>
    <namespace>Onlyoffice</namespace>
    <types>
        <filesystem/>
    </types>
    <documentation>
        <admin>https://api.onlyoffice.com/editors/owncloud</admin>
    </documentation>
    <category>files</category>
    <category>integration</category>
    <category>office</category>
    <category>organization</category>
    <category>tools</category>
    <website>https://www.onlyoffice.com</website>
    <bugs>https://github.com/ONLYOFFICE/onlyoffice-owncloud/issues</bugs>
    <repository type="git">https://github.com/ONLYOFFICE/onlyoffice-owncloud.git</repository>
    <screenshot small-thumbnail="https://raw.githubusercontent.com/ONLYOFFICE/onlyoffice-owncloud/master/screenshots/main_small.png">https://raw.githubusercontent.com/ONLYOFFICE/onlyoffice-owncloud/master/screenshots/main.png</screenshot>
    <screenshot>https://raw.githubusercontent.com/ONLYOFFICE/onlyoffice-owncloud/master/screenshots/new.png</screenshot>
    <screenshot>https://raw.githubusercontent.com/ONLYOFFICE/onlyoffice-owncloud/master/screenshots/open.png</screenshot>
    <screenshot>https://raw.githubusercontent.com/ONLYOFFICE/onlyoffice-owncloud/master/screenshots/settings.png</screenshot>
    <dependencies>
        <owncloud min-version="9.0" max-version="10.0" />
        <nextcloud min-version="11" max-version="12"/>
    </dependencies>
    <settings>
        <admin>OCA\Onlyoffice\AdminSettings</admin>
    </settings>
</info>